,pclass,survived,sex,age,sibsp,parch,fare,embarked,Title,relatives,not_alone
0,1,1,1,4,0,0,4,0,2,0,1
1,1,1,0,0,1,2,4,0,4,3,0
2,1,0,1,0,1,2,4,0,2,3,0
3,1,0,0,4,1,2,4,0,1,3,0
4,1,0,1,3,1,2,4,0,3,3,0
5,1,1,0,6,0,0,2,0,1,0,1
6,1,1,1,6,1,0,3,0,2,1,0
7,1,0,0,5,0,0,0,0,1,0,1
8,1,1,1,6,2,0,3,0,3,2,0
9,1,0,0,6,0,0,3,1,1,0,1
10,1,0,0,6,1,0,4,1,5,1,0
11,1,1,1,1,1,0,4,1,3,1,0
12,1,1,1,3,0,0,3,1,3,0,1
13,1,1,1,3,0,0,3,0,2,0,1
14,1,1,0,6,0,0,2,0,1,0,1
15,1,0,0,4,0,0,2,0,1,0,1
16,1,0,0,3,0,1,4,1,1,1,0
17,1,1,1,6,0,1,4,1,3,1,0
18,1,1,1,4,0,0,3,1,2,0,1
19,1,0,0,5,0,0,3,1,1,0,1
20,1,1,0,5,1,1,3,0,1,2,0
21,1,1,1,6,1,1,3,0,3,2,0
22,1,1,0,3,0,0,2,1,1,0,1
23,1,1,1,6,0,0,4,1,2,0,1
24,1,1,1,4,0,0,4,0,2,0,1
25,1,0,0,3,0,0,2,1,1,0,1
26,1,1,0,3,1,0,3,1,1,1,0
27,1,1,1,2,1,0,3,1,3,1,0
28,1,1,1,5,0,0,4,0,2,0,1
29,1,1,0,4,0,0,2,0,1,0,1
30,1,0,0,6,0,0,3,0,1,0,1
31,1,1,0,5,0,0,2,1,1,0,1
32,1,1,1,4,0,0,4,0,2,0,1
33,1,1,1,6,0,0,2,0,2,0,1
34,1,0,0,6,0,0,2,0,1,0,1
35,1,1,1,6,0,0,5,1,2,0,1
36,1,1,1,2,0,1,3,0,2,1,0
37,1,1,0,4,0,0,2,0,1,0,1
38,1,0,0,6,0,0,2,0,1,0,1
39,1,0,0,6,0,0,3,1,1,0,1
40,1,0,0,4,0,0,3,1,5,0,1
41,1,1,1,6,0,0,2,1,3,0,1
42,1,1,1,6,2,0,3,0,3,2,0
43,1,1,1,6,0,0,3,1,3,0,1
44,1,1,1,6,0,0,4,1,2,0,1
45,1,0,0,6,0,0,2,0,5,0,1
46,1,0,0,4,0,0,2,0,1,0,1
47,1,1,0,6,0,0,2,0,1,0,1
48,1,1,1,6,0,0,2,1,3,0,1
49,1,1,0,5,0,1,5,1,1,1,0
50,1,1,1,6,0,1,5,1,3,1,0
51,1,0,0,4,0,0,0,0,1,0,1
52,1,0,0,4,0,0,3,0,1,0,1
53,1,0,0,1,0,0,3,0,1,0,1
54,1,1,0,0,1,2,4,0,4,3,0
55,1,1,1,1,1,2,4,0,2,3,0
56,1,1,0,5,1,2,4,0,1,3,0
57,1,1,1,5,1,2,4,0,3,3,0
58,1,0,0,6,0,0,2,0,1,0,1
59,1,1,1,4,0,0,2,1,3,0,1
60,1,0,0,5,1,0,3,0,1,1,0
61,1,1,1,6,1,0,3,0,3,1,0
62,1,0,0,6,1,0,3,1,1,1,0
63,1,1,1,6,1,0,3,0,3,1,0
64,1,1,0,3,1,0,3,0,1,1,0
65,1,1,1,4,1,0,3,0,3,1,0
66,1,1,1,5,0,0,5,1,2,0,1
67,1,1,1,4,0,0,3,0,2,0,1
68,1,1,0,6,0,0,2,1,1,0,1
69,1,1,1,4,0,1,3,0,3,1,0
70,1,0,0,4,0,0,0,0,1,0,1
71,1,0,0,3,1,0,4,1,1,1,0
72,1,1,1,3,1,0,4,1,3,1,0
73,1,1,1,2,0,0,4,0,2,0,1
74,1,0,0,4,0,0,3,0,1,0,1
75,1,0,0,6,0,0,2,0,1,0,1
76,1,1,1,5,1,1,3,1,2,2,0
77,1,0,0,5,1,1,3,1,1,2,0
78,1,1,1,6,0,2,3,1,3,2,0
79,1,1,1,6,2,0,2,0,3,2,0
80,1,0,0,4,0,0,2,0,1,0,1
81,1,0,0,6,1,1,3,0,5,2,0
82,1,1,1,5,0,2,3,0,2,2,0
83,1,1,1,6,1,1,2,0,3,2,0
84,1,0,0,5,1,0,3,1,1,1,0
85,1,1,1,5,1,0,3,1,3,1,0
86,1,1,0,6,0,0,2,0,1,0,1
87,1,1,0,3,0,0,2,0,1,0,1
88,1,1,1,4,0,0,4,0,2,0,1
89,1,0,0,4,1,0,3,0,1,1,0
90,1,1,1,3,1,2,3,0,3,3,0
91,1,1,0,4,1,0,3,0,1,1,0
92,1,1,1,1,1,0,3,0,3,1,0
93,1,1,0,6,1,1,3,0,5,2,0
94,1,1,0,0,0,2,3,0,4,2,0
95,1,1,1,6,1,1,3,0,3,2,0
96,1,0,0,6,1,0,4,1,1,1,0
97,1,1,1,3,1,1,4,1,3,2,0
98,1,1,1,6,1,0,4,1,3,1,0
99,1,1,1,6,1,0,3,1,5,1,0
100,1,1,0,6,1,0,3,1,5,1,0
101,1,0,0,5,0,0,2,1,1,0,1
102,1,1,1,3,0,1,3,1,3,1,0
103,1,1,1,5,0,0,4,1,2,0,1
104,1,1,1,6,1,0,3,1,2,1,0
105,1,0,1,5,0,0,2,1,2,0,1
106,1,0,0,4,0,0,4,0,1,0,1
107,1,1,1,4,0,0,2,0,3,0,1
108,1,1,1,4,0,0,4,1,2,0,1
109,1,1,0,5,0,0,2,0,1,0,1
110,1,0,0,4,0,0,2,1,1,0,1
111,1,1,1,3,3,2,5,0,2,5,0
112,1,1,1,4,3,2,5,0,2,5,0
113,1,1,1,3,3,2,5,0,2,5,0
114,1,0,0,2,3,2,5,0,1,5,0
115,1,0,0,6,1,4,5,0,1,5,0
116,1,1,1,6,1,4,5,0,3,5,0
117,1,1,1,4,0,0,3,1,2,0,1
118,1,0,0,4,0,0,2,0,1,0,1
119,1,1,0,6,2,0,4,0,5,2,0
120,1,1,0,6,1,0,2,1,1,1,0
121,1,1,1,4,1,0,4,0,3,1,0
122,1,1,1,2,0,2,3,1,2,2,0
123,1,1,0,6,1,1,3,1,1,2,0
124,1,1,1,6,1,1,3,1,3,2,0
125,1,0,0,4,0,0,0,0,1,0,1
126,1,0,0,5,1,0,3,0,1,1,0
127,1,1,1,5,1,0,3,0,3,1,0
128,1,0,0,6,0,0,3,0,1,0,1
129,1,1,1,5,0,0,4,1,2,0,1
130,1,1,1,2,0,1,3,1,2,1,0
131,1,1,1,6,0,1,3,1,3,1,0
132,1,0,0,3,0,0,3,1,1,0,1
133,1,1,0,6,1,0,3,1,1,1,0
134,1,1,1,4,1,0,3,1,3,1,0
135,1,0,0,6,0,0,3,1,1,0,1
136,1,1,0,6,0,0,2,1,5,0,1
137,1,1,1,2,0,0,2,0,2,0,1
138,1,0,0,5,0,1,4,0,1,1,0
139,1,1,1,6,0,1,4,0,3,1,0
140,1,1,0,3,0,1,3,1,1,1,0
141,1,1,1,6,0,1,3,1,3,1,0
142,1,0,0,6,0,0,3,1,1,0,1
143,1,1,0,3,1,0,3,1,1,1,0
144,1,1,1,3,1,0,3,1,3,1,0
145,1,1,0,6,1,0,3,1,1,1,0
146,1,1,1,6,1,0,3,1,3,1,0
147,1,0,0,4,0,0,3,0,1,0,1
148,1,0,0,6,1,0,3,0,1,1,0
149,1,1,1,5,1,0,3,0,3,1,0
150,1,0,0,5,0,0,0,0,1,0,1
151,1,1,0,3,0,0,3,1,1,0,1
152,1,1,0,4,0,0,2,0,1,0,1
153,1,1,1,3,0,0,3,1,2,0,1
154,1,0,0,6,1,1,3,0,1,2,0
155,1,1,1,6,1,1,3,0,3,2,0
156,1,0,0,6,0,0,3,0,1,0,1
157,1,0,0,4,0,0,3,0,1,0,1
158,1,0,0,6,0,0,3,0,1,0,1
159,1,1,1,1,0,1,3,1,2,1,0
160,1,1,1,6,0,1,3,1,3,1,0
161,1,1,1,6,1,0,3,0,3,1,0
162,1,0,0,6,1,0,3,0,1,1,0
163,1,1,1,5,1,0,3,0,3,1,0
164,1,1,0,5,0,0,2,1,1,0,1
165,1,1,0,5,1,0,3,0,1,1,0
166,1,0,0,4,0,0,2,1,1,0,1
167,1,1,1,5,1,0,3,0,3,1,0
168,1,1,1,5,0,0,3,0,2,0,1
169,1,0,1,6,0,0,2,1,2,0,1
170,1,1,0,6,0,0,0,0,1,0,1
171,1,0,0,6,0,0,2,0,1,0,1
172,1,0,0,6,0,0,2,0,1,0,1
173,1,0,0,4,0,0,4,1,1,0,1
174,1,0,0,6,0,0,2,1,1,0,1
175,1,0,0,6,1,0,3,0,1,1,0
176,1,1,1,4,1,0,3,0,3,1,0
177,1,1,0,6,1,0,3,0,1,1,0
178,1,1,1,6,1,0,3,0,3,1,0
179,1,0,0,4,0,0,2,0,1,0,1
180,1,1,1,5,0,0,4,0,2,0,1
181,1,1,1,6,0,0,2,0,5,0,1
182,1,1,1,4,0,0,4,1,2,0,1
183,1,1,0,5,0,0,5,1,1,0,1
184,1,0,0,4,0,0,2,1,1,0,1
185,1,0,0,6,0,0,2,0,1,0,1
186,1,1,1,6,0,0,2,1,3,0,1
187,1,1,1,1,0,1,3,0,2,1,0
188,1,1,1,6,0,1,3,0,3,1,0
189,1,0,0,4,0,0,2,0,1,0,1
190,1,1,1,2,0,0,3,0,2,0,1
191,1,0,0,4,0,0,3,0,1,0,1
192,1,1,1,6,0,0,4,1,2,0,1
193,1,1,1,1,0,1,4,0,2,1,0
194,1,0,0,4,0,0,2,0,1,0,1
195,1,1,1,1,0,0,3,0,2,0,1
196,1,1,0,4,0,0,2,1,1,0,1
197,1,0,0,2,1,0,3,0,1,1,0
198,1,1,1,1,1,0,3,0,3,1,0
199,1,1,1,3,0,0,3,1,2,0,1
200,1,0,0,6,0,0,3,1,1,0,1
201,1,0,0,6,0,0,3,0,1,0,1
202,1,1,0,5,0,0,2,0,1,0,1
203,1,0,0,4,1,0,3,1,1,1,0
204,1,1,1,4,1,0,3,1,3,1,0
205,1,0,0,6,0,0,2,0,1,0,1
206,1,0,0,6,2,0,3,2,5,2,0
207,1,1,1,4,1,0,3,2,2,1,0
208,1,1,1,5,1,0,3,2,3,1,0
209,1,1,0,4,1,0,3,1,1,1,0
210,1,0,0,6,0,0,2,0,1,0,1
211,1,0,0,6,0,0,3,0,1,0,1
212,1,0,0,5,0,1,2,1,1,1,0
213,1,1,1,4,1,0,4,1,2,1,0
214,1,1,1,3,1,0,4,1,2,1,0
215,1,0,0,6,0,2,4,1,1,2,0
216,1,1,1,2,0,2,2,0,2,2,0
217,1,0,0,6,0,0,2,0,1,0,1
218,1,1,1,5,0,0,4,1,5,0,1
219,1,1,0,4,0,0,2,1,1,0,1
220,1,1,1,2,0,1,3,1,2,1,0
221,1,0,0,6,0,1,3,1,1,1,0
222,1,0,0,4,0,0,2,1,1,0,1
223,1,0,0,4,0,0,0,0,1,0,1
224,1,0,0,6,0,0,2,0,1,0,1
225,1,0,0,3,0,0,3,0,1,0,1
226,1,0,0,4,1,0,3,0,1,1,0
227,1,1,1,2,1,0,3,0,3,1,0
228,1,0,0,1,1,0,4,1,1,1,0
229,1,1,1,1,1,0,4,1,3,1,0
230,1,1,1,4,0,0,3,0,2,0,1
231,1,1,0,6,0,0,2,0,5,0,1
232,1,0,0,6,0,0,3,0,1,0,1
233,1,1,1,6,0,1,3,1,3,1,0
234,1,0,0,5,0,0,0,0,5,0,1
235,1,1,0,4,0,0,3,0,1,0,1
236,1,0,0,2,0,0,4,1,1,0,1
237,1,0,0,4,0,0,4,1,1,0,1
238,1,1,1,6,0,1,4,0,3,1,0
239,1,0,0,4,0,0,3,0,1,0,1
240,1,1,0,6,0,0,2,0,1,0,1
241,1,0,0,4,0,0,3,0,1,0,1
242,1,1,1,4,0,0,2,1,2,0,1
243,1,0,0,6,0,0,3,1,1,0,1
244,1,0,0,5,0,0,3,1,1,0,1
245,1,1,1,4,0,0,3,0,5,0,1
246,1,0,0,6,1,0,3,1,1,1,0
247,1,1,1,6,1,0,3,1,3,1,0
248,1,0,0,4,0,0,2,0,1,0,1
249,1,1,0,1,2,2,5,1,4,4,0
250,1,1,1,1,2,2,5,1,2,4,0
251,1,1,1,2,2,2,5,1,2,4,0
252,1,0,0,6,1,3,5,1,1,4,0
253,1,1,1,6,1,3,5,1,3,4,0
254,1,1,0,4,0,0,2,0,1,0,1
255,1,1,1,3,0,0,3,1,2,0,1
256,1,1,0,4,0,0,2,0,1,0,1
257,1,1,1,5,1,0,3,1,3,1,0
258,1,1,1,4,0,0,2,1,2,0,1
259,1,1,0,5,0,0,2,0,1,0,1
260,1,1,1,5,0,0,4,0,2,0,1
261,1,1,0,5,0,0,2,0,1,0,1
262,1,0,0,6,1,0,3,0,1,1,0
263,1,1,1,5,1,0,3,0,3,1,0
264,1,1,0,6,0,0,3,1,5,0,1
265,1,1,0,4,0,0,3,0,1,0,1
266,1,0,0,6,0,0,2,0,1,0,1
267,1,0,0,6,0,0,2,1,1,0,1
268,1,0,0,3,1,0,3,0,1,1,0
269,1,0,0,4,0,0,2,0,1,0,1
270,1,1,1,1,1,0,3,0,3,1,0
271,1,1,0,3,1,0,3,0,1,1,0
272,1,1,1,3,1,0,3,0,3,1,0
273,1,1,0,0,0,2,4,1,4,2,0
274,1,1,0,6,1,1,4,1,1,2,0
275,1,1,1,5,1,1,4,1,3,2,0
276,1,0,0,6,1,0,4,1,1,1,0
277,1,1,1,4,1,0,4,1,3,1,0
278,1,1,0,4,0,0,2,1,5,0,1
279,1,0,0,6,0,0,2,0,1,0,1
280,1,1,0,6,1,0,3,1,1,1,0
281,1,1,1,6,1,0,3,1,3,1,0
282,1,1,1,6,1,0,3,1,3,1,0
283,1,0,0,4,0,0,2,1,1,0,1
284,1,1,1,6,0,0,3,0,3,0,1
285,1,0,0,6,1,0,4,0,1,1,0
286,1,0,1,6,1,0,4,0,3,1,0
287,1,0,0,6,0,0,3,0,1,0,1
288,1,1,1,6,0,0,2,0,3,0,1
289,1,1,1,1,0,2,3,0,2,2,0
290,1,0,0,6,1,1,3,0,1,2,0
291,1,1,1,5,1,1,3,0,3,2,0
292,1,1,0,6,1,0,3,0,1,1,0
293,1,1,1,4,1,0,3,0,3,1,0
294,1,0,0,6,1,1,4,1,1,2,0
295,1,1,0,1,0,2,4,1,1,2,0
296,1,1,1,5,1,1,4,1,3,2,0
297,1,1,1,4,0,0,3,1,3,0,1
298,1,1,0,4,0,0,2,1,1,0,1
299,1,0,0,5,0,0,2,1,5,0,1
300,1,0,0,6,0,0,3,0,1,0,1
301,1,0,0,6,0,0,3,0,1,0,1
302,1,1,1,5,0,0,5,1,2,0,1
303,1,0,0,6,1,0,3,1,1,1,0
304,1,1,1,6,1,0,3,1,3,1,0
305,1,0,0,6,0,0,2,0,5,0,1
306,1,0,0,6,0,1,3,0,1,1,0
307,1,0,0,2,0,1,3,0,1,1,0
308,1,1,1,6,0,0,4,1,3,0,1
309,1,1,1,4,0,2,4,0,2,2,0
310,1,0,0,6,1,1,4,0,1,2,0
311,1,1,1,6,1,1,4,0,3,2,0
312,1,0,0,6,1,1,4,1,1,2,0
313,1,0,0,3,0,2,4,1,1,2,0
314,1,1,1,6,1,1,4,1,3,2,0
315,1,1,1,2,0,0,2,0,2,0,1
316,1,0,0,6,0,1,3,1,1,1,0
317,1,1,0,2,0,1,3,1,1,1,0
318,1,0,0,4,0,0,3,0,1,0,1
319,1,1,1,4,0,0,4,1,2,0,1
320,1,1,0,4,0,0,3,0,1,0,1
321,1,0,0,6,0,0,2,0,1,0,1
322,1,1,1,5,0,0,4,1,2,0,1
323,2,0,0,4,1,0,2,1,1,1,0
324,2,1,1,4,1,0,2,1,3,1,0
325,2,0,0,4,0,0,1,0,1,0,1
326,2,0,0,1,0,0,1,0,1,0,1
327,2,0,0,3,0,0,1,0,1,0,1
328,2,0,0,5,1,0,2,0,1,1,0
329,2,1,1,5,1,0,2,0,3,1,0
330,2,0,0,6,0,0,1,0,1,0,1
331,2,0,0,1,0,0,1,0,1,0,1
332,2,0,0,3,0,0,1,0,1,0,1
333,2,1,1,5,0,0,1,0,3,0,1
334,2,0,0,4,0,0,1,0,1,0,1
335,2,0,0,6,0,0,1,0,5,0,1
336,2,1,0,4,1,0,2,0,1,1,0
337,2,1,1,2,1,0,2,0,3,1,0
338,2,0,0,4,0,0,2,0,1,0,1
339,2,1,0,0,2,1,3,0,4,3,0
340,2,1,1,0,2,1,3,0,2,3,0
341,2,1,1,1,2,1,3,0,2,3,0
342,2,1,1,5,0,3,3,0,3,3,0
343,2,1,0,5,0,0,1,0,1,0,1
344,2,1,1,2,0,0,1,0,2,0,1
345,2,0,0,3,0,0,1,0,1,0,1
346,2,0,0,3,0,0,1,0,1,0,1
347,2,0,0,6,0,0,1,0,1,0,1
348,2,0,0,3,0,0,1,0,1,0,1
349,2,1,1,3,0,0,1,0,2,0,1
350,2,1,1,1,0,2,3,0,2,2,0
351,2,0,0,6,1,1,3,0,1,2,0
352,2,1,1,5,1,1,3,0,3,2,0
353,2,1,1,2,1,0,2,0,2,1,0
354,2,0,0,3,1,0,2,0,1,1,0
355,2,1,1,5,0,0,1,0,2,0,1
356,2,0,0,3,0,0,1,0,1,0,1
357,2,0,0,6,0,0,1,0,5,0,1
358,2,1,1,6,0,0,1,0,3,0,1
359,2,1,0,0,0,2,2,0,4,2,0
360,2,1,0,3,1,1,2,0,1,2,0
361,2,1,1,2,1,1,2,0,3,2,0
362,2,1,1,5,0,0,2,0,2,0,1
363,2,0,0,4,0,0,0,0,1,0,1
364,2,0,0,2,0,0,1,0,1,0,1
365,2,0,1,6,1,0,2,0,3,1,0
366,2,0,0,6,1,0,2,0,5,1,0
367,2,0,0,6,0,0,1,0,1,0,1
368,2,0,0,5,1,0,2,0,1,1,0
369,2,0,1,4,1,0,2,0,3,1,0
370,2,1,1,3,1,1,2,0,2,2,0
371,2,1,1,6,0,2,2,0,3,2,0
372,2,0,0,4,1,0,2,0,1,1,0
373,2,1,1,4,1,0,2,0,3,1,0
374,2,0,0,4,0,0,1,0,1,0,1
375,2,0,0,4,0,0,1,0,1,0,1
376,2,1,0,3,0,0,1,0,1,0,1
377,2,1,1,0,0,2,2,0,2,2,0
378,2,0,0,4,1,1,2,0,1,2,0
379,2,1,1,4,1,1,2,0,3,2,0
380,2,1,1,2,0,0,1,0,3,0,1
381,2,0,1,4,0,0,1,0,3,0,1
382,2,0,1,4,0,0,2,0,3,0,1
383,2,0,0,2,0,0,1,0,1,0,1
384,2,0,0,4,0,0,0,0,1,0,1
385,2,1,0,0,1,1,3,0,4,2,0
386,2,0,0,1,0,0,3,0,1,0,1
387,2,1,1,6,0,2,3,0,3,2,0
388,2,1,1,4,0,0,1,0,2,0,1
389,2,0,0,4,0,0,1,0,1,0,1
390,2,0,0,1,0,0,3,0,1,0,1
391,2,0,0,4,1,0,2,1,1,1,0
392,2,1,1,3,1,0,2,1,3,1,0
393,2,0,0,3,0,0,2,0,1,0,1
394,2,0,0,1,0,0,3,0,1,0,1
395,2,1,1,1,0,1,2,0,2,1,0
396,2,1,1,5,0,1,2,0,3,1,0
397,2,0,0,6,0,0,2,0,1,0,1
398,2,1,0,0,0,2,3,0,4,2,0
399,2,0,0,6,1,1,3,0,1,2,0
400,2,1,1,5,1,1,3,0,3,2,0
401,2,1,1,3,1,0,1,1,2,1,0
402,2,1,1,4,1,0,1,1,2,1,0
403,2,0,0,3,0,0,1,0,1,0,1
404,2,0,0,2,0,0,1,0,1,0,1
405,2,0,0,1,0,0,1,0,1,0,1
406,2,0,0,5,1,0,2,0,1,1,0
407,2,1,1,4,1,0,2,0,3,1,0
408,2,0,0,1,0,0,1,0,1,0,1
409,2,0,0,5,0,0,1,0,1,0,1
410,2,0,0,4,0,0,0,0,1,0,1
411,2,0,1,5,0,0,1,0,2,0,1
412,2,0,0,5,0,0,2,0,1,0,1
413,2,0,0,5,1,0,2,0,1,1,0
414,2,0,0,5,1,0,2,0,1,1,0
415,2,1,1,5,0,0,1,0,2,0,1
416,2,0,0,1,0,0,2,0,1,0,1
417,2,0,0,3,0,0,1,0,1,0,1
418,2,0,0,6,0,0,1,0,1,0,1
419,2,0,0,2,1,0,1,0,1,1,0
420,2,0,0,2,1,0,1,0,1,1,0
421,2,0,0,3,0,0,1,0,1,0,1
422,2,0,0,3,0,0,1,0,1,0,1
423,2,0,0,5,0,0,1,0,1,0,1
424,2,0,0,4,0,0,1,0,1,0,1
425,2,0,0,6,0,0,1,0,1,0,1
426,2,0,0,4,0,0,1,0,1,0,1
427,2,1,0,0,1,1,1,0,4,2,0
428,2,1,1,3,0,2,1,0,3,2,0
429,2,0,0,6,0,0,1,0,1,0,1
430,2,1,1,0,0,1,3,0,2,1,0
431,2,0,0,4,0,1,3,0,5,1,0
432,2,1,0,6,0,0,1,0,1,0,1
433,2,0,0,4,0,0,1,0,1,0,1
434,2,1,1,0,0,2,2,0,2,2,0
435,2,0,0,6,1,1,2,0,1,2,0
436,2,1,1,6,1,1,2,0,3,2,0
437,2,1,1,3,1,2,3,0,2,3,0
438,2,1,1,3,1,2,3,0,2,3,0
439,2,0,0,6,1,2,3,0,1,3,0
440,2,1,1,6,1,2,3,0,3,3,0
441,2,1,1,6,0,0,2,0,3,0,1
442,2,0,0,3,2,0,3,0,1,2,0
443,2,0,0,4,2,0,3,0,1,2,0
444,2,0,0,2,2,0,3,0,1,2,0
445,2,0,1,1,1,1,1,0,2,2,0
446,2,1,1,2,2,1,2,0,2,3,0
447,2,0,0,3,2,1,1,0,1,3,0
448,2,0,0,5,0,0,1,0,1,0,1
449,2,1,1,6,1,3,2,0,3,4,0
450,2,0,0,6,0,0,1,0,1,0,1
451,2,0,0,6,1,0,2,0,1,1,0
452,2,1,1,4,1,0,2,0,3,1,0
453,2,0,0,2,0,0,3,0,1,0,1
454,2,1,0,6,0,0,1,0,1,0,1
455,2,0,0,6,1,0,2,0,1,1,0
456,2,0,1,6,1,0,2,0,3,1,0
457,2,0,0,4,0,0,1,0,1,0,1
458,2,1,1,1,0,0,1,0,2,0,1
459,2,0,0,6,1,0,2,0,1,1,0
460,2,1,1,3,2,1,2,0,3,3,0
461,2,0,0,6,0,0,2,0,1,0,1
462,2,0,0,3,2,0,2,0,1,2,0
463,2,0,0,2,2,0,2,0,1,2,0
464,2,0,0,4,0,0,1,0,1,0,1
465,2,1,1,3,0,0,1,1,3,0,1
466,2,0,0,5,1,0,2,0,1,1,0
467,2,1,1,3,1,0,2,0,3,1,0
468,2,0,1,2,0,0,2,0,3,0,1
469,2,1,1,4,0,0,1,2,2,0,1
470,2,0,0,5,0,0,1,2,1,0,1
471,2,1,1,6,0,0,1,0,3,0,1
472,2,0,0,6,0,0,1,2,5,0,1
473,2,0,0,4,0,0,0,0,1,0,1
474,2,0,0,4,0,0,1,0,1,0,1
475,2,0,1,3,1,1,2,0,3,2,0
476,2,0,0,4,1,1,2,0,5,2,0
477,2,0,0,4,0,0,1,2,1,0,1
478,2,1,1,0,1,2,3,1,2,3,0
479,2,1,1,0,1,2,3,1,2,3,0
480,2,0,0,3,1,2,3,1,1,3,0
481,2,1,1,2,1,2,3,1,3,3,0
482,2,1,1,1,0,0,1,1,2,0,1
483,2,1,1,4,0,0,3,0,2,0,1
484,2,1,1,5,0,0,1,0,3,0,1
485,2,0,0,5,0,0,1,1,1,0,1
486,2,0,0,3,0,0,1,0,1,0,1
487,2,0,0,6,0,0,1,2,1,0,1
488,2,0,0,6,1,0,2,0,1,1,0
489,2,1,1,6,1,0,2,0,3,1,0
490,2,0,1,6,0,0,1,0,3,0,1
491,2,0,0,4,0,0,2,1,1,0,1
492,2,1,0,0,0,2,3,1,4,2,0
493,2,0,0,4,1,1,3,1,1,2,0
494,2,1,1,3,1,1,3,1,3,2,0
495,2,0,0,4,0,0,2,1,1,0,1
496,2,0,0,4,0,0,1,0,1,0,1
497,2,0,0,5,0,0,2,0,1,0,1
498,2,0,0,4,0,0,1,0,1,0,1
499,2,0,0,4,0,0,1,0,1,0,1
500,2,0,0,6,0,0,2,0,1,0,1
501,2,1,1,1,0,1,2,0,2,1,0
502,2,1,1,6,0,1,2,0,3,1,0
503,2,1,0,2,0,0,1,0,1,0,1
504,2,0,0,5,0,0,1,0,1,0,1
505,2,0,0,6,0,0,1,0,1,0,1
506,2,0,0,6,0,0,1,0,1,0,1
507,2,0,0,3,0,0,1,0,5,0,1
508,2,0,0,6,0,0,1,0,5,0,1
509,2,0,0,5,0,0,2,0,1,0,1
510,2,0,0,1,0,0,1,0,1,0,1
511,2,0,0,6,0,0,1,2,1,0,1
512,2,0,0,4,1,0,2,1,1,1,0
513,2,1,1,1,1,0,2,1,3,1,0
514,2,1,0,0,1,1,2,0,4,2,0
515,2,1,0,0,1,1,2,0,4,2,0
516,2,0,0,5,0,2,2,0,1,2,0
517,2,0,0,3,0,0,1,0,1,0,1
518,2,0,0,2,1,1,3,0,1,2,0
519,2,0,0,4,0,0,1,0,1,0,1
520,2,1,0,2,0,0,1,1,1,0,1
521,2,1,1,4,0,0,1,0,3,0,1
522,2,0,0,5,0,0,1,0,1,0,1
523,2,1,0,2,0,0,1,0,1,0,1
524,2,1,0,4,0,0,1,1,1,0,1
525,2,0,0,3,0,0,1,0,5,0,1
526,2,1,0,4,0,0,1,1,1,0,1
527,2,0,0,4,0,0,1,0,1,0,1
528,2,0,0,4,0,0,0,0,1,0,1
529,2,1,1,6,0,1,2,0,3,1,0
530,2,0,0,2,0,0,1,0,1,0,1
531,2,0,0,4,0,0,2,1,1,0,1
532,2,0,0,6,0,0,1,0,5,0,1
533,2,1,1,2,0,1,2,0,2,1,0
534,2,1,1,2,0,0,2,0,2,0,1
535,2,0,0,6,0,1,2,0,1,1,0
536,2,1,1,4,0,0,1,0,3,0,1
537,2,0,0,5,0,0,1,0,1,0,1
538,2,1,0,4,0,0,1,1,1,0,1
539,2,0,0,3,0,0,2,1,1,0,1
540,2,1,1,0,1,1,2,0,2,2,0
541,2,1,1,0,1,1,2,0,2,2,0
542,2,1,1,4,0,2,2,0,3,2,0
543,2,0,0,5,0,0,1,0,1,0,1
544,2,0,0,5,1,0,2,0,1,1,0
545,2,1,1,4,3,0,2,0,3,3,0
546,2,1,1,4,0,0,1,0,2,0,1
547,2,0,0,3,0,0,2,1,1,0,1
548,2,1,0,0,1,1,2,0,4,2,0
549,2,1,0,0,1,1,2,0,4,2,0
550,2,1,1,3,2,3,2,0,3,5,0
551,2,1,1,6,0,0,1,0,2,0,1
552,2,0,0,2,0,0,1,0,1,0,1
553,2,1,1,2,0,0,1,0,2,0,1
554,2,0,0,3,0,0,1,0,1,0,1
555,2,0,0,3,0,0,1,0,1,0,1
556,2,0,0,3,0,0,2,0,1,0,1
557,2,1,1,3,0,1,2,0,3,1,0
558,2,1,1,1,0,2,1,0,2,2,0
559,2,1,1,2,0,0,3,0,2,0,1
560,2,1,1,4,0,0,1,0,2,0,1
561,2,0,0,6,0,0,1,0,1,0,1
562,2,1,1,4,0,0,1,2,2,0,1
563,2,0,0,5,0,0,1,0,1,0,1
564,2,1,1,5,0,0,1,0,2,0,1
565,2,0,0,3,0,0,1,0,1,0,1
566,2,0,0,6,0,0,2,1,1,0,1
567,2,0,0,3,0,0,1,0,1,0,1
568,2,0,0,1,0,0,1,0,1,0,1
569,2,0,0,1,0,0,3,0,1,0,1
570,2,1,1,6,0,0,1,0,2,0,1
571,2,0,0,3,0,0,1,0,1,0,1
572,2,1,1,4,0,0,1,0,3,0,1
573,2,1,1,3,0,0,1,0,2,0,1
574,2,0,0,4,1,0,2,0,1,1,0
575,2,0,1,3,1,0,2,0,3,1,0
576,2,0,0,5,0,0,1,0,1,0,1
577,2,1,1,4,0,0,2,0,2,0,1
578,2,0,0,4,1,0,2,0,1,1,0
579,2,0,0,3,1,0,1,0,1,1,0
580,2,1,1,4,0,0,2,0,3,0,1
581,2,0,0,4,0,0,0,0,1,0,1
582,2,1,1,1,0,0,2,0,2,0,1
583,2,1,1,5,0,0,2,0,3,0,1
584,2,1,1,4,0,0,1,0,2,0,1
585,2,0,0,3,1,0,2,0,1,1,0
586,2,1,1,4,1,0,2,0,3,1,0
587,2,1,0,0,1,1,2,0,4,2,0
588,2,1,1,0,1,1,2,0,2,2,0
589,2,1,1,4,0,2,2,0,3,2,0
590,2,1,1,0,1,2,2,0,2,3,0
591,2,1,1,0,1,2,2,0,2,3,0
592,2,0,0,5,1,2,2,0,1,3,0
593,2,1,1,4,1,2,2,0,3,3,0
594,2,0,0,6,0,0,1,0,1,0,1
595,2,0,0,4,0,0,1,0,1,0,1
596,2,1,0,4,0,0,1,0,1,0,1
597,2,1,0,4,0,0,1,0,1,0,1
598,2,1,1,3,0,0,1,0,2,0,1
599,2,0,1,3,0,0,1,0,2,0,1
600,3,0,0,6,0,0,0,0,1,0,1
601,3,0,0,1,0,2,2,0,4,2,0
602,3,0,0,1,1,1,2,0,1,2,0
603,3,1,1,5,1,1,2,0,3,2,0
604,3,1,1,1,0,0,0,0,2,0,1
605,3,1,0,3,0,0,0,0,1,0,1
606,3,1,0,2,0,0,0,0,1,0,1
607,3,1,1,1,0,0,0,1,3,0,1
608,3,0,0,4,0,0,0,0,1,0,1
609,3,0,0,3,0,0,1,0,1,0,1
610,3,0,1,5,1,0,1,0,3,1,0
611,3,1,0,0,0,1,1,0,4,1,0
612,3,1,1,1,0,1,1,0,3,1,0
613,3,1,0,3,0,0,2,1,1,0,1
614,3,0,0,3,0,0,0,0,1,0,1
615,3,0,0,2,0,0,0,0,1,0,1
616,3,0,0,3,0,0,0,0,1,0,1
617,3,0,0,3,0,0,0,0,1,0,1
618,3,0,0,5,0,0,1,0,1,0,1
619,3,0,0,1,0,0,1,0,1,0,1
620,3,0,0,4,0,0,2,0,1,0,1
621,3,1,1,2,1,0,0,0,2,1,0
622,3,0,0,0,4,2,2,0,4,6,0
623,3,0,1,0,4,2,2,0,2,6,0
624,3,0,1,0,4,2,2,0,2,6,0
625,3,1,1,1,4,2,0,0,2,6,0
626,3,0,1,5,4,2,0,0,2,6,0
627,3,0,1,0,4,2,2,0,2,6,0
628,3,0,1,0,4,2,2,0,2,6,0
629,3,0,0,5,1,5,2,0,1,6,0
630,3,1,0,3,0,0,0,0,1,0,1
631,3,0,0,3,0,0,0,0,1,0,1
632,3,0,1,5,1,5,2,0,3,6,0
633,3,0,0,2,0,0,0,0,1,0,1
634,3,0,0,3,0,0,0,0,1,0,1
635,3,0,0,3,1,0,2,0,1,1,0
636,3,0,1,1,1,0,2,0,3,1,0
637,3,0,0,3,0,0,0,0,1,0,1
638,3,0,0,5,0,0,0,0,1,0,1
639,3,0,0,0,4,2,2,0,4,6,0
640,3,0,0,0,4,2,2,0,4,6,0
641,3,1,0,0,4,2,2,0,4,6,0
642,3,0,0,1,4,2,2,0,4,6,0
643,3,1,1,0,4,2,2,0,2,6,0
644,3,0,0,5,1,5,2,0,1,6,0
645,3,1,0,3,0,0,0,0,1,0,1
646,3,1,1,5,1,5,2,0,3,6,0
647,3,1,1,6,0,0,0,1,3,0,1
648,3,0,0,2,0,0,0,1,1,0,1
649,3,0,0,3,0,0,0,0,1,0,1
650,3,0,1,1,0,0,1,1,2,0,1
651,3,0,0,4,0,0,0,1,1,0,1
652,3,0,0,3,0,0,0,0,1,0,1
653,3,1,1,1,0,0,0,1,2,0,1
654,3,0,0,2,0,0,0,1,1,0,1
655,3,0,0,4,1,0,2,0,1,1,0
656,3,1,1,4,3,0,2,0,3,3,0
657,3,1,1,0,2,1,2,1,2,3,0
658,3,1,1,0,2,1,2,1,2,3,0
659,3,1,1,0,2,1,2,1,2,3,0
660,3,1,1,3,0,3,2,1,3,3,0
661,3,1,1,1,0,0,1,0,2,0,1
662,3,0,0,5,0,0,0,1,1,0,1
663,3,0,0,3,0,0,0,0,1,0,1
664,3,1,0,2,0,0,0,1,1,0,1
665,3,0,1,1,0,1,1,1,2,1,0
666,3,0,1,6,0,1,1,1,3,1,0
667,3,0,1,3,0,0,0,2,2,0,1
668,3,0,0,2,0,0,1,0,1,0,1
669,3,0,0,2,0,0,1,0,1,0,1
670,3,0,0,3,0,0,0,0,1,0,1
671,3,0,0,2,0,0,1,0,1,0,1
672,3,0,0,4,0,0,0,1,4,0,1
673,3,0,0,2,0,0,0,1,1,0,1
674,3,1,0,4,0,0,3,0,1,0,1
675,3,0,0,2,0,0,0,0,1,0,1
676,3,0,0,1,0,0,0,0,1,0,1
677,3,0,0,3,0,0,0,0,1,0,1
678,3,0,0,0,1,1,2,1,4,2,0
679,3,0,1,0,1,1,2,1,2,2,0
680,3,0,0,4,0,0,0,1,1,0,1
681,3,0,1,4,0,2,2,1,3,2,0
682,3,0,1,4,0,2,0,2,2,2,0
683,3,0,0,5,1,1,2,2,1,2,0
684,3,0,1,4,1,1,2,2,3,2,0
685,3,0,0,2,0,0,2,0,1,0,1
686,3,1,1,2,0,0,0,2,2,0,1
687,3,0,1,2,0,0,0,0,2,0,1
688,3,0,0,4,1,0,0,0,1,1,0
689,3,0,0,2,1,0,0,0,1,1,0
690,3,0,0,2,0,0,0,0,1,0,1
691,3,0,0,5,0,0,1,0,1,0,1
692,3,0,1,1,0,0,0,2,2,0,1
693,3,1,0,2,0,0,0,2,1,0,1
694,3,0,0,2,0,0,0,2,1,0,1
695,3,0,1,1,0,0,0,2,2,0,1
696,3,0,1,2,0,0,1,0,2,0,1
697,3,0,1,4,0,0,1,0,2,0,1
698,3,0,0,1,0,0,1,0,1,0,1
699,3,0,0,5,0,0,1,0,1,0,1
700,3,0,0,1,0,0,1,0,1,0,1
701,3,0,0,1,0,0,1,0,1,0,1
702,3,0,1,2,0,0,0,2,2,0,1
703,3,0,0,2,0,0,0,2,1,0,1
704,3,0,0,2,0,0,1,0,1,0,1
705,3,0,0,4,1,0,1,1,1,1,0
706,3,0,1,4,1,0,1,1,3,1,0
707,3,0,0,4,0,0,0,0,1,0,1
708,3,0,0,3,0,0,0,0,1,0,1
709,3,1,1,1,0,0,0,2,2,0,1
710,3,0,1,5,0,0,0,2,2,0,1
711,3,0,0,4,0,0,0,0,1,0,1
712,3,0,0,3,0,0,1,0,1,0,1
713,3,0,0,2,0,0,0,2,1,0,1
714,3,1,0,4,0,0,3,0,1,0,1
715,3,0,0,4,0,0,1,0,1,0,1
716,3,0,0,3,1,0,1,1,1,1,0
717,3,0,0,1,1,0,1,1,1,1,0
718,3,0,0,2,0,0,0,0,1,0,1
719,3,1,0,1,0,0,1,0,1,0,1
720,3,0,0,3,0,0,0,2,1,0,1
721,3,0,0,5,0,0,0,0,1,0,1
722,3,0,0,3,0,0,0,0,1,0,1
723,3,0,0,4,0,0,0,2,1,0,1
724,3,0,0,4,0,0,0,2,1,0,1
725,3,1,1,2,0,0,0,2,2,0,1
726,3,0,1,4,0,0,0,2,2,0,1
727,3,0,0,6,0,0,0,2,1,0,1
728,3,0,0,6,0,0,1,0,1,0,1
729,3,0,0,5,0,0,0,0,1,0,1
730,3,0,0,3,0,0,0,0,1,0,1
731,3,0,0,2,0,0,0,0,1,0,1
732,3,0,0,4,0,0,1,0,1,0,1
733,3,1,0,0,1,1,2,0,4,2,0
734,3,1,0,0,1,1,2,0,4,2,0
735,3,1,1,5,0,2,2,0,3,2,0
736,3,0,0,6,0,0,0,0,1,0,1
737,3,0,0,2,0,0,1,0,1,0,1
738,3,1,1,1,0,1,2,0,2,1,0
739,3,0,0,6,0,1,2,0,1,1,0
740,3,0,0,1,0,0,1,0,1,0,1
741,3,0,0,2,0,0,0,1,1,0,1
742,3,1,0,6,0,0,1,0,1,0,1
743,3,0,1,2,0,0,1,0,2,0,1
744,3,0,0,2,0,0,1,0,1,0,1
745,3,1,1,4,0,0,0,2,2,0,1
746,3,1,0,4,0,0,0,2,1,0,1
747,3,0,0,0,0,2,1,0,4,2,0
748,3,0,0,5,1,1,1,0,1,2,0
749,3,0,1,4,1,1,1,0,3,2,0
750,3,0,0,3,0,0,0,0,1,0,1
751,3,0,0,3,0,0,0,0,1,0,1
752,3,0,0,3,2,0,2,0,1,2,0
753,3,0,0,2,0,0,1,0,1,0,1
754,3,0,0,2,2,0,2,0,1,2,0
755,3,0,0,1,2,0,1,0,1,2,0
756,3,0,0,4,1,0,2,0,1,1,0
757,3,1,1,4,1,0,2,0,3,1,0
758,3,1,0,5,1,0,2,0,1,1,0
759,3,1,1,5,1,0,2,0,3,1,0
760,3,1,0,4,0,0,1,0,1,0,1
761,3,0,0,1,0,0,1,0,1,0,1
762,3,1,0,0,1,2,2,0,4,3,0
763,3,1,1,0,1,2,2,0,2,3,0
764,3,0,0,3,1,2,2,0,1,3,0
765,3,1,1,4,1,2,2,0,3,3,0
766,3,0,0,3,0,0,0,0,1,0,1
767,3,0,0,4,0,0,0,0,1,0,1
768,3,0,0,4,0,0,0,0,1,0,1
769,3,0,0,2,0,0,0,0,1,0,1
770,3,0,0,5,0,0,0,0,1,0,1
771,3,1,1,2,0,0,0,2,2,0,1
772,3,0,0,1,0,0,0,0,1,0,1
773,3,0,0,6,0,0,1,0,1,0,1
774,3,0,0,6,0,0,0,0,1,0,1
775,3,0,0,4,0,0,0,1,1,0,1
776,3,0,0,4,0,0,0,2,1,0,1
777,3,1,0,2,0,0,1,0,1,0,1
778,3,1,1,4,0,0,1,0,2,0,1
779,3,0,1,3,0,0,0,2,2,0,1
780,3,1,1,3,0,0,1,0,2,0,1
781,3,0,0,4,0,0,0,1,1,0,1
782,3,0,0,6,0,0,0,2,1,0,1
783,3,1,0,3,0,0,0,0,1,0,1
784,3,0,0,3,1,0,1,0,1,1,0
785,3,1,1,2,1,0,1,0,3,1,0
786,3,0,0,1,0,0,0,0,1,0,1
787,3,0,0,1,0,0,0,0,1,0,1
788,3,0,0,6,0,0,0,0,1,0,1
789,3,0,0,4,0,0,0,1,1,0,1
790,3,0,0,5,0,2,0,1,1,2,0
791,3,0,0,1,1,1,0,1,1,2,0
792,3,0,0,1,1,1,0,1,1,2,0
793,3,0,0,6,0,0,0,0,1,0,1
794,3,1,1,0,0,0,1,0,2,0,1
795,3,0,0,4,0,0,0,1,1,0,1
796,3,0,0,5,0,0,2,0,1,0,1
797,3,0,0,5,0,0,0,2,1,0,1
798,3,1,0,4,0,0,0,0,1,0,1
799,3,0,0,1,0,0,0,0,1,0,1
800,3,0,1,4,0,0,0,2,2,0,1
801,3,0,0,4,0,0,0,2,1,0,1
802,3,0,0,4,0,0,0,2,1,0,1
803,3,0,0,3,0,0,0,2,1,0,1
804,3,0,0,4,0,0,0,2,1,0,1
805,3,1,0,4,0,0,3,0,1,0,1
806,3,0,1,2,2,2,3,0,2,4,0
807,3,0,1,0,2,2,3,0,2,4,0
808,3,0,0,4,0,0,1,0,1,0,1
809,3,0,0,1,2,2,3,0,1,4,0
810,3,0,0,1,1,3,3,0,1,4,0
811,3,0,1,6,1,3,3,0,3,4,0
812,3,0,0,4,0,0,0,2,1,0,1
813,3,0,0,4,0,0,0,0,1,0,1
814,3,0,0,3,0,0,0,2,1,0,1
815,3,0,0,4,0,0,1,0,1,0,1
816,3,0,0,4,0,0,0,1,1,0,1
817,3,0,0,2,0,0,1,0,1,0,1
818,3,1,1,1,0,0,0,2,2,0,1
819,3,1,1,4,0,0,0,2,2,0,1
820,3,1,0,0,0,2,2,0,4,2,0
821,3,0,0,4,1,1,2,0,1,2,0
822,3,0,0,6,0,0,0,0,1,0,1
823,3,1,1,4,1,1,2,0,3,2,0
824,3,0,0,5,0,0,0,0,1,0,1
825,3,0,0,0,5,2,3,0,4,7,0
826,3,0,0,0,5,2,3,0,4,7,0
827,3,0,0,0,5,2,3,0,4,7,0
828,3,0,1,0,5,2,3,0,2,7,0
829,3,0,1,1,5,2,3,1,2,7,0
830,3,0,0,1,5,2,3,0,1,7,0
831,3,0,0,5,1,6,3,0,1,7,0
832,3,0,1,6,1,6,3,0,3,7,0
833,3,0,0,6,0,0,1,0,1,0,1
834,3,0,0,4,0,0,1,0,1,0,1
835,3,0,0,4,0,0,1,0,1,0,1
836,3,0,0,2,0,0,1,0,1,0,1
837,3,0,0,5,2,0,0,0,1,2,0
838,3,0,0,4,2,0,0,0,1,2,0
839,3,0,0,2,0,0,0,0,1,0,1
840,3,0,1,3,0,0,1,0,2,0,1
841,3,0,1,1,0,0,0,2,2,0,1
842,3,0,0,4,1,0,2,0,1,1,0
843,3,0,0,4,1,0,2,0,1,1,0
844,3,0,0,4,1,0,2,0,1,1,0
845,3,1,1,3,1,0,2,0,3,1,0
846,3,0,0,2,0,0,1,0,1,0,1
847,3,0,0,3,0,0,0,1,1,0,1
848,3,0,0,6,2,0,1,0,1,2,0
849,3,0,0,3,1,0,0,0,1,1,0
850,3,0,0,2,0,0,0,0,1,0,1
851,3,1,1,6,1,0,1,0,3,1,0
852,3,0,1,4,0,0,0,0,2,0,1
853,3,0,0,3,0,0,0,0,1,0,1
854,3,0,0,4,0,0,0,2,1,0,1
855,3,0,0,0,0,0,2,1,1,0,1
856,3,1,1,4,0,0,0,2,2,0,1
857,3,1,0,3,0,0,0,0,1,0,1
858,3,1,0,4,0,0,3,0,1,0,1
859,3,0,1,1,0,0,0,2,2,0,1
860,3,1,1,3,0,0,0,0,2,0,1
861,3,0,1,3,0,0,0,0,2,0,1
862,3,1,1,2,0,0,1,0,2,0,1
863,3,0,0,4,0,0,0,0,1,0,1
864,3,0,1,4,0,0,0,0,2,0,1
865,3,0,1,4,0,0,0,2,2,0,1
866,3,1,1,0,0,1,1,0,2,1,0
867,3,1,1,2,1,1,1,0,3,2,0
868,3,0,0,6,0,0,0,0,1,0,1
869,3,0,0,4,0,0,2,0,1,0,1
870,3,1,1,3,0,0,0,0,2,0,1
871,3,0,0,4,0,0,0,2,1,0,1
872,3,1,1,4,0,0,1,0,2,0,1
873,3,0,0,6,0,0,0,0,1,0,1
874,3,1,0,4,0,0,0,0,1,0,1
875,3,0,0,4,0,0,0,1,1,0,1
876,3,0,0,4,0,0,0,0,1,0,1
877,3,0,1,3,1,0,0,0,2,1,0
878,3,0,1,3,1,0,0,0,2,1,0
879,3,0,0,4,0,0,0,0,1,0,1
880,3,1,0,4,0,0,0,1,1,0,1
881,3,1,0,2,0,0,0,0,1,0,1
882,3,0,0,4,0,0,0,0,1,0,1
883,3,0,0,2,0,0,0,0,1,0,1
884,3,0,0,6,0,0,0,0,1,0,1
885,3,0,0,1,1,0,0,0,1,1,0
886,3,1,1,4,0,0,0,2,2,0,1
887,3,1,0,4,0,0,1,0,1,0,1
888,3,0,0,5,0,0,0,0,1,0,1
889,3,1,0,3,0,0,0,0,1,0,1
890,3,0,0,2,0,0,0,0,1,0,1
891,3,0,0,4,0,0,1,0,1,0,1
892,3,0,0,4,0,0,0,0,1,0,1
893,3,0,0,4,0,0,0,0,1,0,1
894,3,1,0,0,1,1,1,0,4,2,0
895,3,1,1,0,1,1,1,0,2,2,0
896,3,0,0,6,0,0,0,0,1,0,1
897,3,0,0,4,0,0,0,0,1,0,1
898,3,0,0,2,0,0,0,0,1,0,1
899,3,1,1,3,0,2,1,0,3,2,0
900,3,0,0,4,1,2,2,0,4,3,0
901,3,0,1,4,1,2,2,0,2,3,0
902,3,0,0,4,1,2,2,0,1,3,0
903,3,0,1,4,1,2,2,0,3,3,0
904,3,0,0,3,0,0,0,0,1,0,1
905,3,1,0,4,0,0,0,0,1,0,1
906,3,0,0,3,0,0,0,0,1,0,1
907,3,0,1,2,1,0,1,0,2,1,0
908,3,0,1,2,1,0,1,0,2,1,0
909,3,1,0,4,0,0,0,0,1,0,1
910,3,0,0,1,0,0,0,0,1,0,1
911,3,0,0,2,0,0,1,0,1,0,1
912,3,0,0,4,0,0,0,0,1,0,1
913,3,1,0,2,0,0,0,0,1,0,1
914,3,0,0,4,0,0,0,0,1,0,1
915,3,0,0,2,0,0,0,0,1,0,1
916,3,1,1,0,0,1,1,1,2,1,0
917,3,1,0,5,0,1,1,1,1,1,0
918,3,0,0,4,0,0,0,1,1,0,1
919,3,0,0,1,0,0,0,1,1,0,1
920,3,0,0,4,0,0,0,2,1,0,1
921,3,0,0,4,0,0,0,0,1,0,1
922,3,1,1,4,0,0,0,2,2,0,1
923,3,1,1,4,0,0,0,2,2,0,1
924,3,0,0,5,0,0,0,2,1,0,1
925,3,0,0,6,0,0,1,0,1,0,1
926,3,1,0,4,0,0,0,2,1,0,1
927,3,0,0,4,1,0,1,1,1,1,0
928,3,0,1,4,1,0,1,1,3,1,0
929,3,0,0,4,1,0,0,2,1,1,0
930,3,0,0,4,1,0,0,2,1,1,0
931,3,0,0,4,0,0,0,2,1,0,1
932,3,0,1,2,2,0,1,0,2,2,0
933,3,0,0,3,2,0,1,0,1,2,0
934,3,1,1,0,0,2,2,0,2,2,0
935,3,1,0,4,3,1,2,0,1,4,0
936,3,1,1,3,1,1,2,0,3,2,0
937,3,0,1,0,1,1,1,0,2,2,0
938,3,0,0,1,1,1,0,0,1,2,0
939,3,0,1,5,0,2,1,0,3,2,0
940,3,0,0,4,0,0,0,1,1,0,1
941,3,1,0,3,0,0,0,1,1,0,1
942,3,0,0,4,0,0,0,1,1,0,1
943,3,0,1,5,0,0,1,0,2,0,1
944,3,0,0,4,0,0,0,0,1,0,1
945,3,1,0,4,0,0,3,0,1,0,1
946,3,0,0,4,0,0,3,0,1,0,1
947,3,1,1,2,0,0,0,0,2,0,1
948,3,0,0,4,0,0,0,2,1,0,1
949,3,1,0,3,0,0,3,0,1,0,1
950,3,0,0,4,0,0,1,0,1,0,1
951,3,0,0,4,0,0,0,0,1,0,1
952,3,0,0,2,0,0,0,0,1,0,1
953,3,1,0,2,0,0,0,1,1,0,1
954,3,0,0,4,3,1,2,0,4,4,0
955,3,0,1,4,3,1,2,0,2,4,0
956,3,0,1,4,3,1,2,0,2,4,0
957,3,0,1,4,3,1,2,0,2,4,0
958,3,0,1,4,0,4,2,0,3,4,0
959,3,0,0,4,0,0,0,0,1,0,1
960,3,0,0,5,0,0,0,1,1,0,1
961,3,0,1,4,1,0,2,2,2,1,0
962,3,0,0,4,1,0,2,2,1,1,0
963,3,0,0,5,0,0,0,0,1,0,1
964,3,0,0,5,0,0,2,0,1,0,1
965,3,0,0,3,0,0,1,0,1,0,1
966,3,0,1,3,0,0,0,0,2,0,1
967,3,0,1,6,0,0,0,0,2,0,1
968,3,0,0,5,1,0,2,0,1,1,0
969,3,0,1,4,1,0,2,0,3,1,0
970,3,1,0,2,1,0,0,0,1,1,0
971,3,0,0,4,0,0,0,2,1,0,1
972,3,0,0,4,0,0,3,0,1,0,1
973,3,0,0,4,0,0,0,0,1,0,1
974,3,0,0,4,1,0,2,0,1,1,0
975,3,0,1,3,1,0,2,0,3,1,0
976,3,0,0,4,0,0,0,0,1,0,1
977,3,0,0,2,0,0,0,0,1,0,1
978,3,1,0,3,0,0,1,0,1,0,1
979,3,0,0,6,0,0,0,0,1,0,1
980,3,1,1,3,0,0,0,0,2,0,1
981,3,1,0,4,0,0,0,0,1,0,1
982,3,0,0,4,0,0,0,0,1,0,1
983,3,0,0,4,0,0,0,0,1,0,1
984,3,1,1,4,0,0,0,2,2,0,1
985,3,1,0,3,0,0,0,0,1,0,1
986,3,0,0,2,0,0,0,0,1,0,1
987,3,0,1,4,0,0,0,2,2,0,1
988,3,0,0,4,0,0,0,2,1,0,1
989,3,0,0,4,0,0,1,0,1,0,1
990,3,0,0,4,0,0,0,0,1,0,1
991,3,1,0,4,0,0,0,1,1,0,1
992,3,0,1,4,0,0,0,2,2,0,1
993,3,1,1,4,0,0,0,2,2,0,1
994,3,0,0,4,0,0,0,1,1,0,1
995,3,0,0,5,0,0,0,1,1,0,1
996,3,0,0,4,0,0,0,0,1,0,1
997,3,1,1,4,0,0,0,1,3,0,1
998,3,0,0,4,0,0,0,1,1,0,1
999,3,1,1,4,0,0,0,2,2,0,1
1000,3,1,0,4,0,0,0,2,1,0,1
1001,3,1,1,4,2,0,2,2,2,2,0
1002,3,1,1,4,2,0,2,2,2,2,0
1003,3,1,0,4,2,0,2,2,1,2,0
1004,3,1,1,4,0,0,0,2,2,0,1
1005,3,0,0,4,0,0,2,2,1,0,1
1006,3,1,1,4,0,0,0,2,2,0,1
1007,3,1,1,1,0,0,1,2,2,0,1
1008,3,0,1,5,0,0,0,2,2,0,1
1009,3,0,0,4,0,0,0,2,1,0,1
1010,3,0,0,3,1,0,2,0,1,1,0
1011,3,0,1,2,1,0,2,0,3,1,0
1012,3,0,1,4,0,0,0,2,2,0,1
1013,3,0,1,4,0,0,1,0,2,0,1
1014,3,0,1,4,0,0,1,0,3,0,1
1015,3,0,0,6,0,0,1,0,1,0,1
1016,3,0,0,4,0,0,0,2,1,0,1
1017,3,1,0,2,0,0,0,0,1,0,1
1018,3,0,0,4,0,0,1,0,1,0,1
1019,3,0,0,3,0,0,0,0,1,0,1
1020,3,0,0,2,0,0,0,0,1,0,1
1021,3,0,0,4,0,0,0,0,1,0,1
1022,3,0,0,4,0,0,0,0,1,0,1
1023,3,1,1,4,0,0,0,2,2,0,1
1024,3,0,0,3,0,0,0,0,1,0,1
1025,3,1,0,0,0,1,1,0,4,1,0
1026,3,1,1,3,0,1,1,0,3,1,0
1027,3,0,0,4,0,0,1,0,1,0,1
1028,3,1,1,4,1,0,2,2,2,1,0
1029,3,0,0,4,1,0,2,2,1,1,0
1030,3,0,0,4,0,0,1,2,1,0,1
1031,3,0,0,5,0,0,1,0,1,0,1
1032,3,0,0,4,0,0,0,2,1,0,1
1033,3,1,0,4,0,0,0,0,1,0,1
1034,3,1,0,4,1,1,2,1,4,2,0
1035,3,1,0,4,1,1,2,1,4,2,0
1036,3,1,1,4,0,2,2,1,3,2,0
1037,3,1,1,4,0,0,0,1,3,0,1
1038,3,0,0,4,0,0,1,0,1,0,1
1039,3,1,1,4,0,0,0,2,2,0,1
1040,3,1,1,3,0,0,0,2,2,0,1
1041,3,0,0,4,0,0,1,0,1,0,1
1042,3,1,1,4,1,0,2,2,2,1,0
1043,3,1,1,4,1,0,2,2,2,1,0
1044,3,1,1,4,0,0,2,2,2,0,1
1045,3,0,0,1,0,0,0,0,1,0,1
1046,3,0,0,2,0,0,0,0,1,0,1
1047,3,1,1,1,0,0,0,1,2,0,1
1048,3,1,1,0,0,2,2,1,2,2,0
1049,3,1,0,2,1,1,2,1,1,2,0
1050,3,1,1,2,1,1,2,1,3,2,0
1051,3,0,0,4,0,0,1,0,1,0,1
1052,3,0,0,4,0,0,0,0,1,0,1
1053,3,0,0,4,0,0,0,1,1,0,1
1054,3,0,1,4,0,0,0,2,2,0,1
1055,3,0,0,4,0,0,0,0,1,0,1
1056,3,1,0,1,1,0,1,1,4,1,0
1057,3,1,1,1,1,0,1,1,2,1,0
1058,3,0,1,4,0,0,0,0,2,0,1
1059,3,0,0,4,0,0,1,0,1,0,1
1060,3,1,1,1,0,0,0,0,2,0,1
1061,3,1,1,3,0,0,0,0,2,0,1
1062,3,0,0,2,0,0,0,0,1,0,1
1063,3,0,0,6,0,0,0,0,1,0,1
1064,3,1,0,5,0,0,0,0,1,0,1
1065,3,0,0,2,0,0,0,0,1,0,1
1066,3,0,0,4,0,0,0,1,1,0,1
1067,3,1,1,2,0,0,0,0,2,0,1
1068,3,0,0,6,0,0,0,0,1,0,1
1069,3,0,0,4,1,0,2,2,1,1,0
1070,3,0,0,4,0,0,0,2,1,0,1
1071,3,1,1,4,1,0,2,2,3,1,0
1072,3,0,0,4,0,0,0,2,1,0,1
1073,3,0,0,4,0,0,0,2,1,0,1
1074,3,0,0,4,0,0,0,2,1,0,1
1075,3,0,0,3,0,0,1,0,1,0,1
1076,3,0,1,4,0,0,0,2,2,0,1
1077,3,1,1,4,0,0,0,2,2,0,1
1078,3,1,1,4,0,0,0,2,2,0,1
1079,3,1,1,2,0,0,0,0,2,0,1
1080,3,1,0,4,0,0,0,2,1,0,1
1081,3,1,1,4,0,0,0,2,2,0,1
1082,3,1,0,0,0,1,0,0,4,1,0
1083,3,0,0,4,0,0,2,0,1,0,1
1084,3,0,0,6,0,1,1,0,1,1,0
1085,3,0,0,4,0,0,0,0,1,0,1
1086,3,0,1,4,0,0,0,0,2,0,1
1087,3,0,0,4,0,0,0,0,1,0,1
1088,3,1,0,4,0,0,0,0,1,0,1
1089,3,0,0,2,0,0,1,0,1,0,1
1090,3,0,1,3,0,0,1,0,2,0,1
1091,3,0,1,2,0,0,1,0,2,0,1
1092,3,0,0,2,0,0,1,0,1,0,1
1093,3,0,0,1,0,0,1,0,1,0,1
1094,3,1,1,4,0,0,1,0,3,0,1
1095,3,0,1,4,0,0,0,2,2,0,1
1096,3,0,0,0,3,1,2,0,4,4,0
1097,3,0,0,0,3,1,2,0,4,4,0
1098,3,0,1,0,3,1,2,0,2,4,0
1099,3,0,1,0,3,1,2,0,2,4,0
1100,3,0,1,4,0,4,2,0,3,4,0
1101,3,0,0,0,4,1,3,0,4,5,0
1102,3,0,0,0,4,1,3,0,4,5,0
1103,3,0,0,0,4,1,3,0,4,5,0
1104,3,0,0,1,4,1,3,0,1,5,0
1105,3,0,0,1,4,1,3,0,1,5,0
1106,3,0,1,6,0,5,3,0,3,5,0
1107,3,0,0,2,0,0,1,0,1,0,1
1108,3,0,0,2,0,0,1,0,1,0,1
1109,3,0,0,4,0,0,1,1,1,0,1
1110,3,0,0,4,0,0,0,0,1,0,1
1111,3,0,0,0,1,1,1,0,4,2,0
1112,3,0,1,0,1,1,1,0,2,2,0
1113,3,0,1,3,0,2,1,0,3,2,0
1114,3,0,0,4,0,0,0,0,1,0,1
1115,3,0,0,4,0,0,0,0,1,0,1
1116,3,0,0,4,0,0,1,0,1,0,1
1117,3,0,0,2,0,0,0,0,1,0,1
1118,3,0,0,3,0,0,0,0,1,0,1
1119,3,0,0,2,0,0,0,0,1,0,1
1120,3,1,0,3,1,0,0,0,1,1,0
1121,3,1,0,4,1,1,2,1,4,2,0
1122,3,1,1,4,1,1,2,1,2,2,0
1123,3,1,1,4,0,2,2,1,3,2,0
1124,3,0,1,4,0,0,1,2,2,0,1
1125,3,0,0,3,0,0,1,0,1,0,1
1126,3,0,1,4,0,0,0,0,2,0,1
1127,3,0,0,2,0,0,0,0,1,0,1
1128,3,0,0,4,0,0,0,0,1,0,1
1129,3,0,0,3,1,0,0,0,1,1,0
1130,3,0,1,1,0,0,0,0,2,0,1
1131,3,1,0,4,0,0,1,0,1,0,1
1132,3,0,0,4,0,0,0,0,1,0,1
1133,3,0,0,1,0,0,1,0,1,0,1
1134,3,0,0,3,0,0,1,0,1,0,1
1135,3,0,0,4,0,0,0,0,1,0,1
1136,3,0,1,4,0,0,1,0,3,0,1
1137,3,0,0,4,0,0,0,1,1,0,1
1138,3,0,0,4,0,0,0,0,1,0,1
1139,3,0,0,5,0,0,0,0,1,0,1
1140,3,0,0,2,0,0,1,0,1,0,1
1141,3,0,0,0,4,1,2,2,4,5,0
1142,3,0,0,0,4,1,2,2,4,5,0
1143,3,0,0,0,4,1,2,2,4,5,0
1144,3,0,0,0,4,1,2,2,4,5,0
1145,3,0,0,0,4,1,2,2,4,5,0
1146,3,0,1,5,0,5,2,2,3,5,0
1147,3,0,1,2,0,0,3,0,2,0,1
1148,3,0,0,5,0,0,0,0,1,0,1
1149,3,1,1,4,0,0,0,2,2,0,1
1150,3,0,0,4,0,0,1,0,1,0,1
1151,3,0,1,4,0,0,1,0,3,0,1
1152,3,0,0,6,1,0,1,0,1,1,0
1153,3,0,1,6,1,0,1,0,3,1,0
1154,3,0,0,4,0,0,1,0,1,0,1
1155,3,0,0,4,0,0,0,0,1,0,1
1156,3,0,1,0,1,1,2,0,2,2,0
1157,3,0,0,1,1,1,2,0,1,2,0
1158,3,0,1,6,0,2,2,0,3,2,0
1159,3,1,1,4,0,0,1,0,2,0,1
1160,3,0,0,6,0,0,1,0,1,0,1
1161,3,0,0,1,0,0,1,0,1,0,1
1162,3,1,0,4,0,0,0,2,1,0,1
1163,3,0,0,4,0,0,2,2,1,0,1
1164,3,0,0,4,0,0,0,1,1,0,1
1165,3,0,0,3,0,0,0,1,1,0,1
1166,3,0,0,4,0,0,0,1,1,0,1
1167,3,0,0,4,0,0,0,2,1,0,1
1168,3,0,0,4,0,0,0,0,1,0,1
1169,3,0,0,5,0,0,0,0,1,0,1
1170,3,0,0,4,8,2,3,0,4,10,0
1171,3,0,0,1,8,2,3,0,4,10,0
1172,3,0,1,4,8,2,3,0,2,10,0
1173,3,0,1,4,8,2,3,0,2,10,0
1174,3,0,1,4,8,2,3,0,2,10,0
1175,3,0,1,4,8,2,3,0,2,10,0
1176,3,0,0,4,8,2,3,0,1,10,0
1177,3,0,0,4,8,2,3,0,1,10,0
1178,3,0,0,4,8,2,3,0,1,10,0
1179,3,0,0,4,1,9,3,0,1,10,0
1180,3,0,1,4,1,9,3,0,3,10,0
1181,3,0,0,3,0,0,1,0,1,0,1
1182,3,1,1,2,0,0,0,0,2,0,1
1183,3,0,0,5,0,0,0,0,1,0,1
1184,3,0,0,4,2,0,2,1,1,2,0
1185,3,0,0,4,2,0,2,1,1,2,0
1186,3,0,0,4,2,0,2,1,1,2,0
1187,3,1,1,0,1,1,2,0,2,2,0
1188,3,1,1,3,0,2,2,0,3,2,0
1189,3,1,1,0,1,1,2,0,2,2,0
1190,3,1,0,3,0,0,1,0,1,0,1
1191,3,0,0,2,0,0,1,0,1,0,1
1192,3,0,0,3,0,0,1,0,1,0,1
1193,3,0,0,4,0,0,0,2,1,0,1
1194,3,0,0,4,0,0,0,0,1,0,1
1195,3,0,0,4,0,0,0,2,1,0,1
1196,3,1,0,4,0,0,1,0,1,0,1
1197,3,0,0,4,0,0,2,0,1,0,1
1198,3,1,1,4,0,0,0,2,2,0,1
1199,3,0,0,4,0,0,1,0,1,0,1
1200,3,0,0,4,0,0,1,0,1,0,1
1201,3,0,0,2,0,0,0,1,1,0,1
1202,3,0,0,4,0,0,1,0,1,0,1
1203,3,0,0,5,0,0,0,0,1,0,1
1204,3,0,0,2,0,0,0,0,1,0,1
1205,3,1,1,1,0,0,0,0,2,0,1
1206,3,0,0,0,3,2,2,0,4,5,0
1207,3,0,0,0,3,2,2,0,4,5,0
1208,3,0,1,0,3,2,2,0,2,5,0
1209,3,0,1,0,3,2,2,0,2,5,0
1210,3,0,0,5,1,4,2,0,1,5,0
1211,3,0,1,6,1,4,2,0,3,5,0
1212,3,0,0,4,0,0,0,0,1,0,1
1213,3,0,0,4,0,0,1,0,1,0,1
1214,3,0,0,4,0,0,1,0,1,0,1
1215,3,0,0,4,0,0,0,2,1,0,1
1216,3,1,1,4,0,0,0,2,2,0,1
1217,3,0,0,2,0,0,0,0,1,0,1
1218,3,0,0,4,0,0,1,0,1,0,1
1219,3,0,0,4,0,0,1,0,1,0,1
1220,3,0,0,4,0,0,1,0,1,0,1
1221,3,0,0,4,0,0,0,0,1,0,1
1222,3,0,0,4,0,0,1,1,1,0,1
1223,3,1,1,3,0,0,0,0,2,0,1
1224,3,0,0,2,0,0,1,0,1,0,1
1225,3,0,0,6,0,0,1,0,1,0,1
1226,3,0,0,2,0,0,0,0,1,0,1
1227,3,0,1,2,0,0,1,0,2,0,1
1228,3,1,0,4,0,0,0,0,1,0,1
1229,3,0,0,3,0,0,1,0,1,0,1
1230,3,0,1,0,0,1,1,0,2,1,0
1231,3,0,1,4,1,1,1,0,3,2,0
1232,3,1,0,1,0,0,1,0,1,0,1
1233,3,1,0,6,0,0,0,0,1,0,1
1234,3,0,0,3,0,0,0,0,1,0,1
1235,3,0,0,6,0,0,0,0,1,0,1
1236,3,1,0,1,0,0,1,0,1,0,1
1237,3,0,0,3,0,0,0,0,1,0,1
1238,3,1,0,3,0,0,0,0,1,0,1
1239,3,0,0,5,0,0,1,0,1,0,1
1240,3,1,0,0,0,1,1,1,4,1,0
1241,3,0,0,4,1,0,0,1,1,1,0
1242,3,0,0,4,0,0,0,1,1,0,1
1243,3,0,0,4,0,0,0,1,1,0,1
1244,3,1,1,1,1,1,1,1,3,2,0
1245,3,0,0,4,0,0,1,0,1,0,1
1246,3,0,0,4,1,0,2,0,1,1,0
1247,3,1,1,4,1,0,2,0,3,1,0
1248,3,0,0,4,0,0,0,0,1,0,1
1249,3,0,0,4,0,0,0,2,1,0,1
1250,3,0,0,4,0,0,0,0,1,0,1
1251,3,0,0,4,0,0,1,0,1,0,1
1252,3,0,0,6,0,0,1,0,1,0,1
1253,3,0,0,4,0,0,0,1,1,0,1
1254,3,1,0,3,0,0,0,0,1,0,1
1255,3,0,0,4,0,0,0,1,1,0,1
1256,3,1,0,0,1,1,2,1,4,2,0
1257,3,1,1,0,1,1,2,1,2,2,0
1258,3,1,1,4,0,2,2,1,3,2,0
1259,3,0,0,5,0,0,0,0,1,0,1
1260,3,1,1,1,0,0,1,0,2,0,1
1261,3,1,1,6,0,0,1,0,3,0,1
1262,3,0,0,4,1,1,1,0,4,2,0
1263,3,0,0,0,1,1,1,0,4,2,0
1264,3,0,0,5,0,2,1,0,1,2,0
1265,3,0,1,0,0,2,2,0,2,2,0
1266,3,0,0,5,1,1,2,0,1,2,0
1267,3,0,1,4,1,1,2,0,3,2,0
1268,3,0,0,4,0,0,1,0,1,0,1
1269,3,0,0,4,0,0,1,0,1,0,1
1270,3,0,0,4,0,0,1,0,1,0,1
1271,3,0,0,4,0,0,1,0,1,0,1
1272,3,0,0,6,0,0,1,0,1,0,1
1273,3,0,1,1,2,0,2,0,2,2,0
1274,3,0,0,4,3,0,2,0,1,3,0
1275,3,0,0,1,2,0,2,0,1,2,0
1276,3,0,1,4,1,0,2,0,3,1,0
1277,3,1,0,2,0,0,0,1,1,0,1
1278,3,0,0,2,0,0,0,0,1,0,1
1279,3,0,1,1,0,0,0,0,2,0,1
1280,3,0,0,2,0,0,0,0,1,0,1
1281,3,0,0,2,0,0,1,0,1,0,1
1282,3,0,0,4,0,0,1,0,1,0,1
1283,3,0,0,4,0,0,0,0,1,0,1
1284,3,0,0,4,0,0,1,0,1,0,1
1285,3,0,0,4,0,0,1,0,1,0,1
1286,3,1,1,5,0,0,0,1,3,0,1
1287,3,0,0,6,0,0,0,0,1,0,1
1288,3,0,0,1,1,0,0,0,1,1,0
1289,3,0,0,2,1,0,0,0,1,1,0
1290,3,1,1,6,1,0,0,0,3,1,0
1291,3,0,0,4,0,0,1,0,1,0,1
1292,3,0,0,4,0,0,0,0,1,0,1
1293,3,0,0,4,0,0,1,0,1,0,1
1294,3,0,0,4,0,0,2,0,1,0,1
1295,3,0,0,2,0,0,0,0,1,0,1
1296,3,0,0,3,0,0,1,0,1,0,1
1297,3,0,0,4,0,0,0,0,1,0,1
1298,3,0,0,5,0,0,1,0,1,0,1
1299,3,0,0,3,1,0,1,1,1,1,0
1300,3,1,1,1,1,0,1,1,3,1,0
1301,3,0,0,6,0,0,0,1,1,0,1
1302,3,0,0,4,0,0,0,1,1,0,1
1303,3,0,0,4,0,0,1,1,1,0,1
1304,3,0,1,1,1,0,1,1,2,1,0
1305,3,0,1,4,1,0,1,1,2,1,0
1306,3,0,0,3,0,0,0,1,1,0,1
1307,3,0,0,3,0,0,0,1,1,0,1
1308,3,0,0,4,0,0,0,0,1,0,1
